SOC,R1
0.2,0.01035
0.8,0.01392
