SOC,C1
0.1,34098.63946
0.3,42279.41176
0.5,59433.04008
0.7,61081.08108
0.9,54848.48485
