SOC,RO
0.1,0.001685
0.3,0.00138
0.5,0.00118
0.7,0.00112
0.9,0.001085
