SOC,R1
0.1,0.000545
0.3,0.00062
0.5,0.00032
0.7,0.000385
0.9,0.0005
