SOC,C1
0.1,348.3870968
0.2,585.1909022
0.3,434.8790323
0.4,475.7056452
0.5,593.9468876
0.6,574.2943548
0.7,484.4710811
0.8,501.1041457
0.9,541.9402092
