SOC,C2
0.1,6755.458201
0.2,11594.38544
0.3,8566.672911
0.4,9449.928665
0.5,11888.71756
0.6,11394.21539
0.7,9566.485567
0.8,9960.859477
0.9,10799.93083
