SOC,RO
0.1,0.089644994
0.2,0.085026712
0.3,0.082961054
0.4,0.08195921
0.5,0.081879341
0.6,0.080806577
0.7,0.08093947
0.8,0.080930521
0.9,0.081843813
