SOC,R1
0.1,0.028333333
0.2,0.016904762
0.3,0.022857143
0.4,0.020714286
0.5,0.016904762
0.6,0.016904762
0.7,0.020714286
0.8,0.019761905
0.9,0.017857143
