SOC,C1
0.1,9480.257857
0.3,14045.21405
0.5,14061.09614
0.7,12819.69027
0.9,12526.38821
