SOC,RO
0.1,0.005255
0.3,0.004585
0.5,0.004275
0.7,0.004225
0.9,0.00426
