SOC,R1
0.1,0.004205
0.3,0.00299
0.5,0.003095
0.7,0.003695
0.9,0.00386
