SOC,C1
0.1,6559.395732
0.3,7933.629522
0.5,7628.804957
0.7,6869.17318
0.9,6858.935709
