SOC,RO
0.1,0.004215
0.3,0.003865
0.5,0.00394
0.7,0.00402
0.9,0.00399
