SOC,R1
0.1,0.006015
0.3,0.00319
0.5,0.00282
0.7,0.002935
0.9,0.004625
